Title,URL
,/
Fintech Radar,/
,https://substack.com/profile/116107-alan-tsen
Alan Tsen,https://substack.com/@fintechradar
,https://fintechradar.substack.com/p/welcome-to-fintech-radar/comments
Share,javascript:void(0)
unlimited leverage glitch,https://www.businessinsider.com.au/robinhood-fixes-infinite-leverage-free-money-glitch-suspends-related-traders-2019-11?r=US&IR=T
,https://fintechradar.substack.com/p/welcome-to-fintech-radar/comments
Share,javascript:void(0)
Privacy,https://substack.com/privacy
Terms,https://substack.com/tos
Collection notice,https://substack.com/ccpa#personal-data-collected
Start Writing,https://substack.com/signup?utm_source=substack&utm_medium=web&utm_content=footer
Get the app,https://substack.com/app/app-store-redirect?utm_campaign=app-marketing&utm_content=web-footer-button
Substack,https://substack.com
turn on JavaScript,https://enable-javascript.com/
,/
Fintech Radar,/
,https://fintechradar.substack.com/p/issue-132-banked-acquires-waave-plaid/comments
Share,javascript:void(0)
here is a breakdown,https://fintechradar.substack.com/p/coming-soon
here,https://fintechradar.substack.com/
‚ÄúA Deep Dive Into The Cash App's Growth Machine‚Äù,https://fintechradar.substack.com/p/breakdown-2-a-deep-dive-into-the
‚ÄúThe Future Of Payment Initiation‚Äù,https://fintechradar.substack.com/p/break-down-6-the-future-of-payment
‚ÄúCurrent: Doing It Differently‚Äù,https://fintechradar.substack.com/p/current-doing-it-differently
sponsorship page,https://sponsor.fintechradar.co/
Find Out More,https://sponsor.fintechradar.co/
,"https://substackcdn.com/image/fetch/f_auto,q_auto:good,fl_progressive:steep/https%3A%2F%2Fsubstack-post-media.s3.amazonaws.com%2Fpublic%2Fimages%2Fc46d1dcb-27fc-427d-a916-b5c5524913a9_1500x500.png"
Banked Bolsters Australian Pay-by-Bank Foothold With Waave Acquisition,https://www.pymnts.com/acquisitions/2024/banked-bolsters-australian-pay-by-bank-foothold-with-waave-acquisition/
Worldpay Global Payments report,https://worldpay.globalpaymentsreport.com/en
recently introduced laws enabling action initiation,https://www.startupdaily.net/topic/politics-news-analysis/whats-next-for-australias-consumer-data-right-after-action-initiation-and-the-lessons-from-overseas/
Plaid Introduces Pay-by-Bank for Billpay,https://finovate.com/plaid-introduces-pay-by-bank-for-billpay/
Alipay+ sees overseas use of payment partner apps triple in 9M 2024,https://asianbankingandfinance.net/cards-payments/news/alipay-sees-overseas-use-payment-partner-apps-triple-in-9m-2024
Pockit to buy Monese,https://www.finextra.com/newsarticle/44853/pockit-to-buy-monese
HSBC wrote off its investment,https://www.finextra.com/newsarticle/44815/hsbc-writes-off-monese-stake
"HubSpot to Acquire B2B Billing Management and CPQ Solution, Cacheflow",https://finance.yahoo.com/news/hubspot-acquire-b2b-billing-management-130000783.html
"‚Äúsell work, not software‚Äù",https://www.sarahtavel.com/p/ai-startups-sell-work-not-software
,"https://substackcdn.com/image/fetch/f_auto,q_auto:good,fl_progressive:steep/https%3A%2F%2Fsubstack-post-media.s3.amazonaws.com%2Fpublic%2Fimages%2F2368cff4-c0b4-4e7c-b61c-d78a001e8adb_1500x500.png"
Health insurtech startup Qantev raises ‚Ç¨30 million to outperform LLMs with small AI models,https://techcrunch.com/2024/10/09/health-insurtech-startup-qantev-raises-e30-million-to-outperform-llms-with-small-ai-models/
Numeric grabs $28M Series A to automate accounting using AI,https://techcrunch.com/2024/10/10/numeric-grabs-28m-series-a-for-automating-accounting-with-ai/
,"https://substackcdn.com/image/fetch/f_auto,q_auto:good,fl_progressive:steep/https%3A%2F%2Fsubstack-post-media.s3.amazonaws.com%2Fpublic%2Fimages%2F98bd3f66-92b9-4d3e-8d67-a0d55e5f019d_1500x500.png"
Welcome Jenson Huang,https://open.spotify.com/episode/0pt8FAP3UKdZhgKHfAWPdC
",",https://open.spotify.com/episode/0pt8FAP3UKdZhgKHfAWPdC
Two Decades of 3-D Secure: Can Strong Customer Authentication Succeed in the US and Unregulated Markets?,https://glenbrook.com/payments_on_fire/episode-249-3-d-secure-strong-customer-authentication-stripe-entersekt/
,"https://substackcdn.com/image/fetch/f_auto,q_auto:good,fl_progressive:steep/https%3A%2F%2Fsubstack-post-media.s3.amazonaws.com%2Fpublic%2Fimages%2Fbf71ebbf-6c40-4936-a127-0255d5f58800_1022x78.png"
@alantsen on Twitter,https://twitter.com/alantsen
Share Fintech Radar,https://fintechradar.substack.com/?utm_source=substack&utm_medium=email&utm_content=share&action=share
I Love It!,https://survey.qwary.com/form/S_wSzSPnasH9Wc_FT15X0J1BuEcPl5gI3sIZmhE3o-E=
I Like It,https://survey.qwary.com/form/S_wSzSPnasH9Wc_FT15X0J1BuEcPl5gI3sIZmhE3o-E=
Not Bad,https://survey.qwary.com/form/S_wSzSPnasH9Wc_FT15X0J1BuEcPl5gI3sIZmhE3o-E=
I Don‚Äôt Like It,https://survey.qwary.com/form/S_wSzSPnasH9Wc_FT15X0J1BuEcPl5gI3sIZmhE3o-E=
It‚Äôs Awful,https://survey.qwary.com/form/S_wSzSPnasH9Wc_FT15X0J1BuEcPl5gI3sIZmhE3o-E=
,https://fintechradar.substack.com/p/issue-132-banked-acquires-waave-plaid/comments
Share,javascript:void(0)
Privacy,https://substack.com/privacy
Terms,https://substack.com/tos
Collection notice,https://substack.com/ccpa#personal-data-collected
Start Writing,https://substack.com/signup?utm_source=substack&utm_medium=web&utm_content=footer
Get the app,https://substack.com/app/app-store-redirect?utm_campaign=app-marketing&utm_content=web-footer-button
Substack,https://substack.com
turn on JavaScript,https://enable-javascript.com/
,/
Fintech Radar,/
5,https://fintechradar.substack.com/p/issue-131hsbcs-embedded-finance-bet/comments
Share,javascript:void(0)
here is a breakdown,https://fintechradar.substack.com/p/coming-soon
here,https://fintechradar.substack.com/
‚ÄúA Deep Dive Into The Cash App's Growth Machine‚Äù,https://fintechradar.substack.com/p/breakdown-2-a-deep-dive-into-the
‚ÄúThe Future Of Payment Initiation‚Äù,https://fintechradar.substack.com/p/break-down-6-the-future-of-payment
‚ÄúCurrent: Doing It Differently‚Äù,https://fintechradar.substack.com/p/current-doing-it-differently
sponsorship page,https://sponsor.fintechradar.co/
Find Out More,https://sponsor.fintechradar.co/
,"https://substackcdn.com/image/fetch/f_auto,q_auto:good,fl_progressive:steep/https%3A%2F%2Fsubstack-post-media.s3.amazonaws.com%2Fpublic%2Fimages%2Fc46d1dcb-27fc-427d-a916-b5c5524913a9_1500x500.png"
HSBC launches embedded finance venture,https://www.finextra.com/newsarticle/44827/hsbc-launches-embedded-finance-venture
Starling Bank fined ¬£29m for financial crime failings,https://www.reuters.com/business/finance/starling-bank-fined-29-million-pounds-financial-crime-failings-2024-10-02/
HSBC‚Äôs $1.9b fine back in 2012,https://www.theguardian.com/business/2012/dec/11/hsbc-bank-us-money-laundering
IPO reportedly on the horizon,https://www.finextra.com/newsarticle/44619/starling-inches-towards-ipo-with-search-for-head-of-investor-relations
Facebook owner Meta forms data-sharing pact with UK banks to counter scams,https://www.cnbc.com/2024/10/02/facebook-owner-meta-to-share-data-with-uk-banks-to-counter-scams.html
,https://www.theguardian.com/money/2024/oct/07/how-new-rules-to-protect-the-victims-of-text-and-email-will-work
new UK legislation,https://www.theguardian.com/money/2024/oct/07/how-new-rules-to-protect-the-victims-of-text-and-email-will-work
Mastercard to buy Minna Technologies,https://www.paymentsdive.com/news/mastercard-acquisition-minna-technologies-subscription-embedded-payments-tool/728676/
Recorded Future last month,https://www.reuters.com/markets/deals/mastercard-buy-threat-intelligence-company-recorded-future-265-bln-2024-09-12/
Bud Financial launches agentic banking tool to revolutionise consumer finance management,https://fintech.global/2024/09/25/bud-financial-launches-agentic-banking-tool-to-revolutionise-consumer-finance-management/
,"https://substackcdn.com/image/fetch/f_auto,q_auto:good,fl_progressive:steep/https%3A%2F%2Fsubstack-post-media.s3.amazonaws.com%2Fpublic%2Fimages%2F2368cff4-c0b4-4e7c-b61c-d78a001e8adb_1500x500.png"
"Payment unicorn Zepz raises $267 million from World Bank, Accel and TCV",https://techcabal.com/2024/10/04/payment-unicorn-zepz-raises-267-million-from-world-bank-accel-and-tcv/
~$100b in 2022,https://gfrid.org/wp-content/uploads/2023/06/RemitSCOPE_Africa_preliminary_release.pdf
currently valued at ~$20b,https://www.daimagister.com/resources/remittances/
"Rogo, an AI startup focused on finance, raised its $18.5 million Series A",https://finance.yahoo.com/news/exclusive-rogo-ai-startup-focused-113450776.html
JPMorgan recently launched,https://www.cnbc.com/2024/08/09/jpmorgan-chase-ai-artificial-intelligence-assistant-chatgpt-openai.html
Bloomberg has also rolled out,https://www.institutionalinvestor.com/article/2cqjgsulkx3md4n3ox2ps/portfolio/bloombergs-first-generative-ai-tool-hits-the-terminal
,"https://substackcdn.com/image/fetch/f_auto,q_auto:good,fl_progressive:steep/https%3A%2F%2Fsubstack-post-media.s3.amazonaws.com%2Fpublic%2Fimages%2F98bd3f66-92b9-4d3e-8d67-a0d55e5f019d_1500x500.png"
The Fintech OG Series Season Two: Jason Gardner and Ken Lin,https://open.spotify.com/episode/16ECs0JEWWuNUdDy4p0C6i?go=1&sp_cid=57cb1ac0481ffb9d8e195eee64cc3657&nd=1&dlsi=16f2b12f322c47df
10 Years of Atom Bank with Mark Mullens,https://open.spotify.com/episode/1Jz91BXmYNSyuopoxH5lAn
,"https://substackcdn.com/image/fetch/f_auto,q_auto:good,fl_progressive:steep/https%3A%2F%2Fsubstack-post-media.s3.amazonaws.com%2Fpublic%2Fimages%2Fbf71ebbf-6c40-4936-a127-0255d5f58800_1022x78.png"
@alantsen on Twitter,https://twitter.com/alantsen
Share Fintech Radar,https://fintechradar.substack.com/?utm_source=substack&utm_medium=email&utm_content=share&action=share
I Love It!,https://survey.qwary.com/form/S_wSzSPnasH9Wc_FT15X0J1BuEcPl5gI3sIZmhE3o-E=
I Like It,https://survey.qwary.com/form/S_wSzSPnasH9Wc_FT15X0J1BuEcPl5gI3sIZmhE3o-E=
Not Bad,https://survey.qwary.com/form/S_wSzSPnasH9Wc_FT15X0J1BuEcPl5gI3sIZmhE3o-E=
I Don‚Äôt Like It,https://survey.qwary.com/form/S_wSzSPnasH9Wc_FT15X0J1BuEcPl5gI3sIZmhE3o-E=
It‚Äôs Awful,https://survey.qwary.com/form/S_wSzSPnasH9Wc_FT15X0J1BuEcPl5gI3sIZmhE3o-E=
5,https://fintechradar.substack.com/p/issue-131hsbcs-embedded-finance-bet/comments
Share,javascript:void(0)
,https://substack.com/profile/46629961-justin-xiao
Justin Xiao,https://substack.com/profile/46629961-justin-xiao
Justin‚Äôs Fintech Musings Substa‚Ä¶,https://justinxiao.substack.com?utm_source=substack&utm_medium=web&utm_content=comment_metadata
Oct 9,https://fintechradar.substack.com/p/issue-131hsbcs-embedded-finance-bet/comment/71935698
1 reply by Alan Tsen,https://fintechradar.substack.com/p/issue-131hsbcs-embedded-finance-bet/comment/71935698
,https://substack.com/profile/548792-matt-jones
Matt Jones,https://substack.com/profile/548792-matt-jones
Payments Culture,https://www.paymentsculture.com?utm_source=substack&utm_medium=web&utm_content=comment_metadata
Oct 9,https://fintechradar.substack.com/p/issue-131hsbcs-embedded-finance-bet/comment/72013813
1 reply by Alan Tsen,https://fintechradar.substack.com/p/issue-131hsbcs-embedded-finance-bet/comment/72013813
3 more comments...,https://fintechradar.substack.com/p/issue-131hsbcs-embedded-finance-bet/comments
Privacy,https://substack.com/privacy
Terms,https://substack.com/tos
Collection notice,https://substack.com/ccpa#personal-data-collected
Start Writing,https://substack.com/signup?utm_source=substack&utm_medium=web&utm_content=footer
Get the app,https://substack.com/app/app-store-redirect?utm_campaign=app-marketing&utm_content=web-footer-button
Substack,https://substack.com
turn on JavaScript,https://enable-javascript.com/
,/
Fintech Radar,/
2,https://fintechradar.substack.com/p/issue-130-etoro-acquires-spaceship/comments
Share,javascript:void(0)
here is a breakdown,https://fintechradar.substack.com/p/coming-soon
here,https://fintechradar.substack.com/
‚ÄúA Deep Dive Into The Cash App's Growth Machine‚Äù,https://fintechradar.substack.com/p/breakdown-2-a-deep-dive-into-the
‚ÄúThe Future Of Payment Initiation‚Äù,https://fintechradar.substack.com/p/break-down-6-the-future-of-payment
‚ÄúCurrent: Doing It Differently‚Äù,https://fintechradar.substack.com/p/current-doing-it-differently
sponsorship page,https://sponsor.fintechradar.co/
Find Out More,https://sponsor.fintechradar.co/
,"https://substackcdn.com/image/fetch/f_auto,q_auto:good,fl_progressive:steep/https%3A%2F%2Fsubstack-post-media.s3.amazonaws.com%2Fpublic%2Fimages%2Fc46d1dcb-27fc-427d-a916-b5c5524913a9_1500x500.png"
eToro expanding in Australia with $55 million acquisition of investment app Spaceship,https://www.calcalistech.com/ctechnews/article/hjgnlc8ac
$3.9 trillion as of March 2024,https://www.superannuation.asn.au/resources/super-stats/
Adyen to Include Klarna BNPL Offering on In-Store Terminals,https://www.pymnts.com/bnpl/2024/klarna-turns-to-adyen-to-expand-in-store-bnpl-offering/
"Bunq moves into stock trading, targeting digital nomads",https://tech.eu/2024/09/24/bunq-moves-into-stock-trading-targeting-digital-nomads/
Revolut Invest,https://finovate.com/revolut-to-launch-standalone-wealth-management-app/
,https://newsroom.aboutrobinhood.com/introducing-robinhood-in-the-uk/
set up shop in the UK,https://newsroom.aboutrobinhood.com/introducing-robinhood-in-the-uk/
PNC and Plaid ink data sharing agreement,https://www.finextra.com/pressarticle/102409/pnc-and-plaid-ink-data-sharing-agreement
MercadoLibre's fintech arm applies for banking license in Mexico,https://finance.yahoo.com/news/mercadolibres-fintech-arm-applies-banking-170119304.html
Nik Milanovic's Tweet,https://x.com/NikMilanovic/status/1839074610291032072
,"https://substackcdn.com/image/fetch/f_auto,q_auto:good,fl_progressive:steep/https%3A%2F%2Fsubstack-post-media.s3.amazonaws.com%2Fpublic%2Fimages%2F2368cff4-c0b4-4e7c-b61c-d78a001e8adb_1500x500.png"
Digital debt collector worth $350m after big money raise,https://www.afr.com/technology/digital-debt-collector-worth-350m-after-big-money-raise-20240919-p5kbya
Health insurance startup Alan reaches $4.5B valuation with new $193M funding round,https://techcrunch.com/2024/09/20/health-insurance-startup-alan-reaches-45-billion-valuation-with-new-funding-round/
back into the segment,"https://www.insurancebusinessmag.com/au/news/reinsurance/gallagher-re-publishes-insurtech-report-for-q2-2024-500130.aspx#:~:text=Insurtech%20funding%20experienced%20a%20notable,largest%20amount%20since%20Q1%202023."
,"https://substackcdn.com/image/fetch/f_auto,q_auto:good,fl_progressive:steep/https%3A%2F%2Fsubstack-post-media.s3.amazonaws.com%2Fpublic%2Fimages%2F98bd3f66-92b9-4d3e-8d67-a0d55e5f019d_1500x500.png"
Financial Plumbing with Patrick McKenzie and Erik Torenberg,https://www.youtube.com/watch?v=WLYB1LQh20s&feature=youtu.be
Patio11,https://x.com/patio11
Seeing Like a Bank,https://www.bitsaboutmoney.com/archive/seeing-like-a-bank/
"How Branch Confidently Lends to People Banks Won‚Äôt Touch ‚Äî Matt Flannery (Founder, CEO of Branch)",https://www.youtube.com/watch?v=azy4lUscsak&feature=youtu.be
,"https://substackcdn.com/image/fetch/f_auto,q_auto:good,fl_progressive:steep/https%3A%2F%2Fsubstack-post-media.s3.amazonaws.com%2Fpublic%2Fimages%2Fbf71ebbf-6c40-4936-a127-0255d5f58800_1022x78.png"
@alantsen on Twitter,https://twitter.com/alantsen
Share Fintech Radar,https://fintechradar.substack.com/?utm_source=substack&utm_medium=email&utm_content=share&action=share
I Love It!,https://survey.qwary.com/form/S_wSzSPnasH9Wc_FT15X0J1BuEcPl5gI3sIZmhE3o-E=
I Like It,https://survey.qwary.com/form/S_wSzSPnasH9Wc_FT15X0J1BuEcPl5gI3sIZmhE3o-E=
Not Bad,https://survey.qwary.com/form/S_wSzSPnasH9Wc_FT15X0J1BuEcPl5gI3sIZmhE3o-E=
I Don‚Äôt Like It,https://survey.qwary.com/form/S_wSzSPnasH9Wc_FT15X0J1BuEcPl5gI3sIZmhE3o-E=
It‚Äôs Awful,https://survey.qwary.com/form/S_wSzSPnasH9Wc_FT15X0J1BuEcPl5gI3sIZmhE3o-E=
2,https://fintechradar.substack.com/p/issue-130-etoro-acquires-spaceship/comments
Share,javascript:void(0)
,https://substack.com/profile/46629961-justin-xiao
Justin Xiao,https://substack.com/profile/46629961-justin-xiao
Justin‚Äôs Fintech Musings Substa‚Ä¶,https://justinxiao.substack.com?utm_source=substack&utm_medium=web&utm_content=comment_metadata
Oct 2,https://fintechradar.substack.com/p/issue-130-etoro-acquires-spaceship/comment/71100256
1 reply by Alan Tsen,https://fintechradar.substack.com/p/issue-130-etoro-acquires-spaceship/comment/71100256
1 more comment...,https://fintechradar.substack.com/p/issue-130-etoro-acquires-spaceship/comments
Privacy,https://substack.com/privacy
Terms,https://substack.com/tos
Collection notice,https://substack.com/ccpa#personal-data-collected
Start Writing,https://substack.com/signup?utm_source=substack&utm_medium=web&utm_content=footer
Get the app,https://substack.com/app/app-store-redirect?utm_campaign=app-marketing&utm_content=web-footer-button
Substack,https://substack.com
turn on JavaScript,https://enable-javascript.com/
,/
Fintech Radar,/
3,https://fintechradar.substack.com/p/issue-129-walmart-to-go-real-time/comments
Share,javascript:void(0)
here is a breakdown,https://fintechradar.substack.com/p/coming-soon
here,https://fintechradar.substack.com/
‚ÄúA Deep Dive Into The Cash App's Growth Machine‚Äù,https://fintechradar.substack.com/p/breakdown-2-a-deep-dive-into-the
‚ÄúThe Future Of Payment Initiation‚Äù,https://fintechradar.substack.com/p/break-down-6-the-future-of-payment
‚ÄúCurrent: Doing It Differently‚Äù,https://fintechradar.substack.com/p/current-doing-it-differently
Goodface FinTech Design & Development Agency,https://goodface.agency/service/fintech-design-and-development/
sponsorship page,https://sponsor.fintechradar.co/
Sponsored Content,https://sponsor.fintechradar.co/
,https://goodface.agency/fintech-ebook/?utm_source=fintech_radar&utm_medium=email&utm_campaign=2
30 Tactics FinTech Unicorns Use to Convert Better,https://goodface.agency/fintech-ebook/?utm_source=fintech_radar&utm_medium=email&utm_campaign=2
take a look now,https://goodface.agency/fintech-ebook/?utm_source=fintech_radar&utm_medium=email&utm_campaign=2
Download The 57-page PDF Now,https://goodface.agency/fintech-ebook/?utm_source=fintech_radar&utm_medium=email&utm_campaign=1
,"https://substackcdn.com/image/fetch/f_auto,q_auto:good,fl_progressive:steep/https%3A%2F%2Fsubstack-post-media.s3.amazonaws.com%2Fpublic%2Fimages%2Fc46d1dcb-27fc-427d-a916-b5c5524913a9_1500x500.png"
"Walmart, Fiserv team to offer real-time payments",https://www.paymentsdive.com/news/walmart-fiserv-real-time-bank-payments-online-credit-card-alternative/727640/
Brex Launches Embedded Payments Solutions for B2B Software Vendors,https://www.pymnts.com/news/b2b-payments/2024/brex-launches-embedded-payments-solutions-for-b2b-software-vendors/
Monzo brings monthly payments to Apple Pay purchases,https://www.finextra.com/newsarticle/44738/monzo-brings-monthly-payments-to-apple-pay-purchases
JPMorgan could take over Goldman‚Äôs Apple Card business,https://techcrunch.com/2024/09/17/jpmorgan-could-take-over-goldmans-apple-card-business/
Fintech Giant Revolut Said to Be Planning Stablecoin,https://www.coindesk.com/business/2024/09/18/fintech-giant-revolut-said-to-be-planning-stablecoin/
,"https://substackcdn.com/image/fetch/f_auto,q_auto:good,fl_progressive:steep/https%3A%2F%2Fsubstack-post-media.s3.amazonaws.com%2Fpublic%2Fimages%2F2368cff4-c0b4-4e7c-b61c-d78a001e8adb_1500x500.png"
Credit card fintech Yonder raises ¬£23.4m as it eyes EU expansion,https://sifted.eu/articles/yonder-raise-exclusive-news
"Orb founders grew so frustrated dealing with billing as engineers at Asana, they built their own billing software",https://techcrunch.com/2024/09/17/orb-builds-billing-infrastructure-so-businesses-dont-have-to/
Stripe mentioned,https://stripe.com/au/newsroom/news/stripe-named-a-leader-by-gartner
,"https://substackcdn.com/image/fetch/f_auto,q_auto:good,fl_progressive:steep/https%3A%2F%2Fsubstack-post-media.s3.amazonaws.com%2Fpublic%2Fimages%2F98bd3f66-92b9-4d3e-8d67-a0d55e5f019d_1500x500.png"
Stablecoins The Emerging Market Story,https://castleisland.vc/writing/stablecoins-the-emerging-market-story
"Will Gaybrick on Capital Allocation, Org Design, AI, and Global Growth",https://www.youtube.com/watch?v=tEVL0yxdppY
,"https://substackcdn.com/image/fetch/f_auto,q_auto:good,fl_progressive:steep/https%3A%2F%2Fsubstack-post-media.s3.amazonaws.com%2Fpublic%2Fimages%2Fbf71ebbf-6c40-4936-a127-0255d5f58800_1022x78.png"
@alantsen on Twitter,https://twitter.com/alantsen
Share Fintech Radar,https://fintechradar.substack.com/?utm_source=substack&utm_medium=email&utm_content=share&action=share
I Love It!,https://survey.qwary.com/form/S_wSzSPnasH9Wc_FT15X0J1BuEcPl5gI3sIZmhE3o-E=
I Like It,https://survey.qwary.com/form/S_wSzSPnasH9Wc_FT15X0J1BuEcPl5gI3sIZmhE3o-E=
Not Bad,https://survey.qwary.com/form/S_wSzSPnasH9Wc_FT15X0J1BuEcPl5gI3sIZmhE3o-E=
I Don‚Äôt Like It,https://survey.qwary.com/form/S_wSzSPnasH9Wc_FT15X0J1BuEcPl5gI3sIZmhE3o-E=
It‚Äôs Awful,https://survey.qwary.com/form/S_wSzSPnasH9Wc_FT15X0J1BuEcPl5gI3sIZmhE3o-E=
3,https://fintechradar.substack.com/p/issue-129-walmart-to-go-real-time/comments
Share,javascript:void(0)
,https://substack.com/profile/172879528-salvador-lorca
Salvador Lorca üíúüî•,https://substack.com/profile/172879528-salvador-lorca
Ciencias Sociales,https://cienciasocial.substack.com?utm_source=substack&utm_medium=web&utm_content=comment_metadata
Sep 25,https://fintechradar.substack.com/p/issue-129-walmart-to-go-real-time/comment/70269466
,https://substack.com/profile/548792-matt-jones
Matt Jones,https://substack.com/profile/548792-matt-jones
Payments Culture,https://www.paymentsculture.com?utm_source=substack&utm_medium=web&utm_content=comment_metadata
Sep 25,https://fintechradar.substack.com/p/issue-129-walmart-to-go-real-time/comment/70264535
1 reply by Alan Tsen,https://fintechradar.substack.com/p/issue-129-walmart-to-go-real-time/comment/70264535
1 more comment...,https://fintechradar.substack.com/p/issue-129-walmart-to-go-real-time/comments
Privacy,https://substack.com/privacy
Terms,https://substack.com/tos
Collection notice,https://substack.com/ccpa#personal-data-collected
Start Writing,https://substack.com/signup?utm_source=substack&utm_medium=web&utm_content=footer
Get the app,https://substack.com/app/app-store-redirect?utm_campaign=app-marketing&utm_content=web-footer-button
Substack,https://substack.com
turn on JavaScript,https://enable-javascript.com/
,/
Fintech Radar,/
1,https://fintechradar.substack.com/p/issue-128-klarna-drops-major-saas/comments
Share,javascript:void(0)
here is a breakdown,https://fintechradar.substack.com/p/coming-soon
here,https://fintechradar.substack.com/
‚ÄúA Deep Dive Into The Cash App's Growth Machine‚Äù,https://fintechradar.substack.com/p/breakdown-2-a-deep-dive-into-the
‚ÄúThe Future Of Payment Initiation‚Äù,https://fintechradar.substack.com/p/break-down-6-the-future-of-payment
‚ÄúCurrent: Doing It Differently‚Äù,https://fintechradar.substack.com/p/current-doing-it-differently
Goodface FinTech Design & Development Agency,https://goodface.agency/service/fintech-design-and-development/
sponsorship page,https://sponsor.fintechradar.co/
Sponsored Content,https://sponsor.fintechradar.co/
,https://goodface.agency/fintech-ebook/?utm_source=fintech_radar&utm_medium=email&utm_campaign=1
‚Äú30 Conversion Hacks From Top FinTech Websites‚Äù,https://goodface.agency/fintech-ebook/?utm_source=fintech_radar&utm_medium=email&utm_campaign=1
Goodface FinTech Design & Development Agency,https://goodface.agency/service/fintech-design-and-development/
Download The 57-page PDF Now,https://goodface.agency/fintech-ebook/?utm_source=fintech_radar&utm_medium=email&utm_campaign=1
,"https://substackcdn.com/image/fetch/f_auto,q_auto:good,fl_progressive:steep/https%3A%2F%2Fsubstack-post-media.s3.amazonaws.com%2Fpublic%2Fimages%2Fc46d1dcb-27fc-427d-a916-b5c5524913a9_1500x500.png"
"‚ÄúHow is he doing this?‚Äù ‚Äì Marc Benioff questions Klarna CEO's move to scrap Workday, Salesforce in SaaS ‚Äòconsolidation‚Äô drive",https://www.itpro.com/technology/artificial-intelligence/how-is-he-doing-this-marc-benioff-questions-klarna-ceo-s-scrapping-of-workday-salesforce-in-saas-consolidation-drive
minor stir on Twitter last week,https://x.com/thogge/status/1833627582551757143
TrueLayer: Expanding Open Banking in the UK,https://fintechmagazine.com/articles/truelayer-stripe-in-uk-open-banking-partnership
"Amazon provides checkout tech at universities, stadiums",https://www.paymentsdive.com/news/amazon-just-walk-out-campus-c-stores/726273/
there are rumors,https://www.theguardian.com/commentisfree/2024/apr/10/amazon-ai-cashier-less-shops-humans-technology
Amazon has denied,https://www.theverge.com/2024/4/17/24133029/amazon-just-walk-out-cashierless-ai-india
UK introduces Bill to clarify crypto's legal status,https://www.coindesk.com/policy/2024/09/11/uk-introduces-bill-to-clarify-cryptos-legal-status/
Ansa debuts in-store digital wallet capabilities,https://www.paymentsdive.com/news/ansa-debuts-in-store-digital-wallet-capabilities/726876/
34m,https://www.customerexperiencedive.com/news/starbucks-rewards-loyalty-q3-personalization/706212/
staggering $1.6b,https://quartr.com/insights/company-research/the-starbucks-story-from-beans-to-billions
Starbucks reportedly claimed $181m in revenue,https://www.pymnts.com/earnings/2022/starbucks-claims-181m-in-revenue-from-unused-gift-cards-and-loyalty-credits/
RedCard debit card discounts,https://a16z.com/the-future-of-payments-is-red/
,"https://substackcdn.com/image/fetch/f_auto,q_auto:good,fl_progressive:steep/https%3A%2F%2Fsubstack-post-media.s3.amazonaws.com%2Fpublic%2Fimages%2F2368cff4-c0b4-4e7c-b61c-d78a001e8adb_1500x500.png"
Form3 snares another $60 million for A2A payment vision,https://www.finextra.com/newsarticle/44704/form3-snares-another-60-million-for-a2a-payment-vision
Novatus nabs $40M to help financial institutions quell their regtech nightmares,https://techcrunch.com/2024/09/12/novatus-nabs-40m-to-help-financial-institutions-quell-their-regtech-nightmares/
,"https://substackcdn.com/image/fetch/f_auto,q_auto:good,fl_progressive:steep/https%3A%2F%2Fsubstack-post-media.s3.amazonaws.com%2Fpublic%2Fimages%2F98bd3f66-92b9-4d3e-8d67-a0d55e5f019d_1500x500.png"
"Mike Hudack: How Facebook, Monzo and Deliveroo build great products",https://www.youtube.com/watch?v=OWerex8GCAM
Navigating Net Interest Margins and Fintech Partnerships with Saira Rahman,https://open.spotify.com/episode/09GGNChnTuGwhIKDdIiy8v
,"https://substackcdn.com/image/fetch/f_auto,q_auto:good,fl_progressive:steep/https%3A%2F%2Fsubstack-post-media.s3.amazonaws.com%2Fpublic%2Fimages%2Fbf71ebbf-6c40-4936-a127-0255d5f58800_1022x78.png"
@alantsen on Twitter,https://twitter.com/alantsen
Share Fintech Radar,https://fintechradar.substack.com/?utm_source=substack&utm_medium=email&utm_content=share&action=share
I Love It!,https://survey.qwary.com/form/S_wSzSPnasH9Wc_FT15X0J1BuEcPl5gI3sIZmhE3o-E=
I Like It,https://survey.qwary.com/form/S_wSzSPnasH9Wc_FT15X0J1BuEcPl5gI3sIZmhE3o-E=
Not Bad,https://survey.qwary.com/form/S_wSzSPnasH9Wc_FT15X0J1BuEcPl5gI3sIZmhE3o-E=
I Don‚Äôt Like It,https://survey.qwary.com/form/S_wSzSPnasH9Wc_FT15X0J1BuEcPl5gI3sIZmhE3o-E=
It‚Äôs Awful,https://survey.qwary.com/form/S_wSzSPnasH9Wc_FT15X0J1BuEcPl5gI3sIZmhE3o-E=
1,https://fintechradar.substack.com/p/issue-128-klarna-drops-major-saas/comments
Share,javascript:void(0)
,https://substack.com/profile/46629961-justin-xiao
Justin Xiao,https://substack.com/profile/46629961-justin-xiao
Justin‚Äôs Fintech Musings Substa‚Ä¶,https://justinxiao.substack.com?utm_source=substack&utm_medium=web&utm_content=comment_metadata
Sep 18,https://fintechradar.substack.com/p/issue-128-klarna-drops-major-saas/comment/69408585
Privacy,https://substack.com/privacy
Terms,https://substack.com/tos
Collection notice,https://substack.com/ccpa#personal-data-collected
Start Writing,https://substack.com/signup?utm_source=substack&utm_medium=web&utm_content=footer
Get the app,https://substack.com/app/app-store-redirect?utm_campaign=app-marketing&utm_content=web-footer-button
Substack,https://substack.com
turn on JavaScript,https://enable-javascript.com/
,/
Fintech Radar,/
,https://substack.com/profile/116107-alan-tsen
Alan Tsen,https://substack.com/@fintechradar
3,https://fintechradar.substack.com/p/issue-127-mercury-makes-its-first/comments
Share,javascript:void(0)
here is a breakdown,https://fintechradar.substack.com/p/coming-soon
here,https://fintechradar.substack.com/
‚ÄúA Deep Dive Into The Cash App's Growth Machine‚Äù,https://fintechradar.substack.com/p/breakdown-2-a-deep-dive-into-the
‚ÄúThe Future Of Payment Initiation‚Äù,https://fintechradar.substack.com/p/break-down-6-the-future-of-payment
‚ÄúCurrent: Doing It Differently‚Äù,https://fintechradar.substack.com/p/current-doing-it-differently
sponsorship page,https://sponsor.fintechradar.co/
Find Out More,https://sponsor.fintechradar.co/
,"https://substackcdn.com/image/fetch/f_auto,q_auto:good,fl_progressive:steep/https%3A%2F%2Fsubstack-post-media.s3.amazonaws.com%2Fpublic%2Fimages%2Fc46d1dcb-27fc-427d-a916-b5c5524913a9_1500x500.png"
Mercury acquires Teal,https://mercury.com/blog/mercury-acquires-teal
Mercury‚Äôs first acquisition,https://x.com/immad/status/1832103109570826375
procurement,https://www.prnewswire.com/news-releases/ramp-radically-expands-procurement-capabilities-with-venue-acquisition-and-product-enhancements-302047858.html
Paylocity is acquiring corporate spend startup Airbase for $325M,https://techcrunch.com/2024/09/04/paylocity-acquiring-corporate-spend-startup-airbase-for-325m/
Visa‚Äôs new A2A offering ‚Äòopens‚Äô choice and security via direct bank transfers in the UK,https://www.pymnts.com/news/payments-innovation/2024/visas-new-a2a-offering-opens-choice-and-security-via-direct-bank-transfers-in-the-uk/
according to WorldPay,https://worldpay.globalpaymentsreport.com/en
Ant Group Launches AI-Powered Mobile App Zhixiaobao at 2024 INCLUSION¬∑Conference on the Bund,https://www.businesswire.com/news/home/20240904932587/en/
Lloyds to use AI to automate trade finance checks,https://www.finextra.com/newsarticle/44667/lloyds-to-use-ai-to-automate-trade-finance-checks
,"https://substackcdn.com/image/fetch/f_auto,q_auto:good,fl_progressive:steep/https%3A%2F%2Fsubstack-post-media.s3.amazonaws.com%2Fpublic%2Fimages%2F2368cff4-c0b4-4e7c-b61c-d78a001e8adb_1500x500.png"
Exclusive: Colombian real-time payments startup raises $35M Series B,https://www.axios.com/pro/fintech-deals/2024/09/05/colombia-real-time-payments-thatch-35-million
Ziina banks $22M as growth explodes for the UAE-based fintech for small businesses,https://techcrunch.com/2024/09/02/ziina-banks-22m-as-growth-explodes-for-the-uae-based-fintech-for-small-businesses/
,"https://substackcdn.com/image/fetch/f_auto,q_auto:good,fl_progressive:steep/https%3A%2F%2Fsubstack-post-media.s3.amazonaws.com%2Fpublic%2Fimages%2F98bd3f66-92b9-4d3e-8d67-a0d55e5f019d_1500x500.png"
"How Money Moves Podcast: All Things B2B Payments, with Brandon Lloyd of Forward, Bo Jiang of Lithic and Wade Arnold of Moov",https://www.thisweekinfintech.com/how-money-moves-podcast-all-things-b2b-payments-with-brandon-lloyd-of-forward-bo-jiang-of-lithic-and-wade-arnold-of-moov-2/
The Booming Crypto Use Case That's Happening Right Now,https://www.youtube.com/watch?v=-5EJtrbbmuU
,"https://substackcdn.com/image/fetch/f_auto,q_auto:good,fl_progressive:steep/https%3A%2F%2Fsubstack-post-media.s3.amazonaws.com%2Fpublic%2Fimages%2Fbf71ebbf-6c40-4936-a127-0255d5f58800_1022x78.png"
@alantsen on Twitter,https://twitter.com/alantsen
Share Fintech Radar,https://fintechradar.substack.com/?utm_source=substack&utm_medium=email&utm_content=share&action=share
I Love It!,https://survey.qwary.com/form/S_wSzSPnasH9Wc_FT15X0J1BuEcPl5gI3sIZmhE3o-E=
I Like It,https://survey.qwary.com/form/S_wSzSPnasH9Wc_FT15X0J1BuEcPl5gI3sIZmhE3o-E=
Not Bad,https://survey.qwary.com/form/S_wSzSPnasH9Wc_FT15X0J1BuEcPl5gI3sIZmhE3o-E=
I Don‚Äôt Like It,https://survey.qwary.com/form/S_wSzSPnasH9Wc_FT15X0J1BuEcPl5gI3sIZmhE3o-E=
It‚Äôs Awful,https://survey.qwary.com/form/S_wSzSPnasH9Wc_FT15X0J1BuEcPl5gI3sIZmhE3o-E=
3,https://fintechradar.substack.com/p/issue-127-mercury-makes-its-first/comments
Share,javascript:void(0)
,https://substack.com/profile/46629961-justin-xiao
Justin Xiao,https://substack.com/profile/46629961-justin-xiao
Justin‚Äôs Fintech Musings Substa‚Ä¶,https://justinxiao.substack.com?utm_source=substack&utm_medium=web&utm_content=comment_metadata
Sep 13,https://fintechradar.substack.com/p/issue-127-mercury-makes-its-first/comment/68821133
2 replies by Alan Tsen and others,https://fintechradar.substack.com/p/issue-127-mercury-makes-its-first/comment/68821133
2 more comments...,https://fintechradar.substack.com/p/issue-127-mercury-makes-its-first/comments
Privacy,https://substack.com/privacy
Terms,https://substack.com/tos
Collection notice,https://substack.com/ccpa#personal-data-collected
Start Writing,https://substack.com/signup?utm_source=substack&utm_medium=web&utm_content=footer
Get the app,https://substack.com/app/app-store-redirect?utm_campaign=app-marketing&utm_content=web-footer-button
Substack,https://substack.com
turn on JavaScript,https://enable-javascript.com/
,/
Fintech Radar,/
,https://substack.com/profile/116107-alan-tsen
Alan Tsen,https://substack.com/@fintechradar
2,https://fintechradar.substack.com/p/issue-126-klarna-swings-a-first-half/comments
Share,javascript:void(0)
here is a breakdown,https://fintechradar.substack.com/p/coming-soon
here,https://fintechradar.substack.com/
‚ÄúA Deep Dive Into The Cash App's Growth Machine‚Äù,https://fintechradar.substack.com/p/breakdown-2-a-deep-dive-into-the
‚ÄúThe Future Of Payment Initiation‚Äù,https://fintechradar.substack.com/p/break-down-6-the-future-of-payment
‚ÄúCurrent: Doing It Differently‚Äù,https://fintechradar.substack.com/p/current-doing-it-differently
sponsorship page,https://sponsor.fintechradar.co/
Find Out More,https://sponsor.fintechradar.co/
,"https://substackcdn.com/image/fetch/f_auto,q_auto:good,fl_progressive:steep/https%3A%2F%2Fsubstack-post-media.s3.amazonaws.com%2Fpublic%2Fimages%2Fc46d1dcb-27fc-427d-a916-b5c5524913a9_1500x500.png"
"Buy now, pay later firm Klarna swings to first-half profit ahead of IPO",https://www.cnbc.com/2024/08/27/buy-now-pay-later-firm-klarna-swings-to-first-half-profit-ahead-of-ipo.html
Revolut,https://www.revolut.com/en-HR/news/revolut_s_revenues_surpass_2_2bn_with_record_profits_of_545m_in_2023/
Monzo,https://www.cnbc.com/2024/06/03/digital-bank-monzo-posts-first-full-year-of-profit-after-more-than-doubling-revenue.html
Nubank,https://www.finextra.com/newsarticle/43753/nubank-posts-1bn-full-year-net-profit
"Banking Circle launches the first bank-backed MiCA-compliant stablecoin, EURI,",https://www.bankingcircle.com/banking-circle-launches-the-first-bank-backed-mica-compliant-stablecoin-euri-0814285
,https://www.bankingcircle.com/banking-circle-launches-the-first-bank-backed-mica-compliant-stablecoin-euri-0814285
here‚Äôs a taste,https://www.coindesk.com/search?s=stablecoin
,https://www.coindesk.com/search?s=stablecoin
Lynch-backed Featurespace in talks about Visa takeover,https://news.sky.com/story/lynch-backed-featurespace-in-talks-about-visa-takeover-13202036
according to Traxcn,https://tracxn.com/d/companies/featurespace/__mdZKvLDfIl2mWiWDgNMH_yrsSUJYHL-IPo7dph9toaw
Digital bank Chime debuts advance wage product ahead of anticipated IPO,https://www.reuters.com/business/finance/digital-bank-chime-debuts-advance-wage-product-ahead-anticipated-ipo-2024-05-14/
see this article,https://www.paymentsdive.com/news/consumer-financial-protection-bureau-earned-wage-access-interpretive-rule-opinion/724220/
CBA and BNY deliver near real-time cross-border payments,https://www.finextra.com/newsarticle/44624/cba-and-bny-deliver-near-real-time-cross-border-payments
,"https://substackcdn.com/image/fetch/f_auto,q_auto:good,fl_progressive:steep/https%3A%2F%2Fsubstack-post-media.s3.amazonaws.com%2Fpublic%2Fimages%2F2368cff4-c0b4-4e7c-b61c-d78a001e8adb_1500x500.png"
Fast-growing immigrant-focused neobank Comun has secured $21.5M in new funding just months after its last raise,https://techcrunch.com/2024/08/28/fast-growing-neobank-comun-raised-21-5m-just-months-after-its-last-raise/
Tanda,https://techcrunch.com/2023/11/15/tanda-savings-lending-network/
Bloom Money,https://techcrunch.com/2023/07/27/bloom-money-raises-1m-to-digitize-finance-for-ethnic-communities/
Majority,https://techcrunch.com/2022/09/14/majority-a-mobile-bank-for-migrants-closes-third-venture-round-in-just-over-a-year/
Welcome Tech,https://techcrunch.com/2022/04/14/welcome-tech-which-wants-to-build-a-super-app-for-immigrants-raises-30m/
Maza,https://techcrunch.com/2023/06/28/no-social-security-number-no-problem-says-maza-a-fintech-startup-that-just-raised-8m-led-by-andreessen-horowitz/
Pillar,https://techcrunch.com/2022/04/21/fintech-startup-pillar-raises-16-9m-pre-seed-led-by-global-founders-capital-and-backed-vc/
struggle to set up banking in the US,https://www.clevelandfed.org/publications/economic-commentary/2022/ec-202207-unbanked-in-america-a-review-of-the-literature
Workpay Secures $5M Series A to Boost Expansion of HR and Payroll Solutions Across Africa,https://www.techinafrica.com/workpay-secures-5m-series-a-to-boost-expansion-of-hr-and-payroll-solutions-across-africa/
strong growth,https://www.thebusinessresearchcompany.com/market-insights/human-resource-hr-software-market-2024
around 60% revenue share,https://www.researchnester.com/reports/saas-based-human-resource-market/234
,"https://substackcdn.com/image/fetch/f_auto,q_auto:good,fl_progressive:steep/https%3A%2F%2Fsubstack-post-media.s3.amazonaws.com%2Fpublic%2Fimages%2F98bd3f66-92b9-4d3e-8d67-a0d55e5f019d_1500x500.png"
"The Ghost of Fintech Future: Fraud, UK Fintech Lessons, and Sardine Insights with Simon Taylor of Sardine",https://open.spotify.com/episode/1PkIO8JsPjcBHba1y0kO77
CB Insights‚Äô Insurtech 50,https://www.cbinsights.com/research/report/top-insurtech-startups-2024/
,"https://substackcdn.com/image/fetch/f_auto,q_auto:good,fl_progressive:steep/https%3A%2F%2Fsubstack-post-media.s3.amazonaws.com%2Fpublic%2Fimages%2F393e3b53-0c95-4554-8881-ae7d1340d80d_4000x3012.png"
,"https://substackcdn.com/image/fetch/f_auto,q_auto:good,fl_progressive:steep/https%3A%2F%2Fsubstack-post-media.s3.amazonaws.com%2Fpublic%2Fimages%2Fbf71ebbf-6c40-4936-a127-0255d5f58800_1022x78.png"
@alantsen on Twitter,https://twitter.com/alantsen
Share Fintech Radar,https://fintechradar.substack.com/?utm_source=substack&utm_medium=email&utm_content=share&action=share
I Love It!,https://survey.qwary.com/form/S_wSzSPnasH9Wc_FT15X0J1BuEcPl5gI3sIZmhE3o-E=
I Like It,https://survey.qwary.com/form/S_wSzSPnasH9Wc_FT15X0J1BuEcPl5gI3sIZmhE3o-E=
Not Bad,https://survey.qwary.com/form/S_wSzSPnasH9Wc_FT15X0J1BuEcPl5gI3sIZmhE3o-E=
I Don‚Äôt Like It,https://survey.qwary.com/form/S_wSzSPnasH9Wc_FT15X0J1BuEcPl5gI3sIZmhE3o-E=
It‚Äôs Awful,https://survey.qwary.com/form/S_wSzSPnasH9Wc_FT15X0J1BuEcPl5gI3sIZmhE3o-E=
2,https://fintechradar.substack.com/p/issue-126-klarna-swings-a-first-half/comments
Share,javascript:void(0)
,https://substack.com/profile/46629961-justin-xiao
Justin Xiao,https://substack.com/profile/46629961-justin-xiao
Justin‚Äôs Fintech Musings Substa‚Ä¶,https://justinxiao.substack.com?utm_source=substack&utm_medium=web&utm_content=comment_metadata
Sep 4,https://fintechradar.substack.com/p/issue-126-klarna-swings-a-first-half/comment/67747770
1 reply by Alan Tsen,https://fintechradar.substack.com/p/issue-126-klarna-swings-a-first-half/comment/67747770
1 more comment...,https://fintechradar.substack.com/p/issue-126-klarna-swings-a-first-half/comments
Privacy,https://substack.com/privacy
Terms,https://substack.com/tos
Collection notice,https://substack.com/ccpa#personal-data-collected
Start Writing,https://substack.com/signup?utm_source=substack&utm_medium=web&utm_content=footer
Get the app,https://substack.com/app/app-store-redirect?utm_campaign=app-marketing&utm_content=web-footer-button
Substack,https://substack.com
turn on JavaScript,https://enable-javascript.com/
